,sna,tot,sbi,sarea,mday,ar,bemp,act
0,YouBike2.0_捷運科技大樓站,28,0,大安區,2023-05-27 15:34:03,復興南路二段235號前,25,1
1,YouBike2.0_復興南路二段273號前,21,0,大安區,2023-05-27 15:47:04,復興南路二段273號西側,21,1
2,YouBike2.0_國北教大實小東側門,16,1,大安區,2023-05-27 15:45:15,和平東路二段96巷7號,14,1
3,YouBike2.0_和平公園東側,11,0,大安區,2023-05-27 15:23:04,和平東路二段118巷33號,11,1
4,YouBike2.0_辛亥復興路口西北側,16,2,大安區,2023-05-27 15:48:14,復興南路二段368號,14,1
5,YouBike2.0_復興南路二段280號前,11,1,大安區,2023-05-27 14:48:14,復興南路二段280號,10,1
6,YouBike2.0_復興南路二段340巷口,11,0,大安區,2023-05-27 14:24:04,復興南路二段342號,10,1
7,YouBike2.0_新生南路三段52號前,17,0,大安區,2023-05-27 15:26:04,新生南路三段52號,16,1
8,YouBike2.0_新生南路三段66號前,16,2,大安區,2023-05-27 15:45:15,新生南路三段66號東側,14,1
9,YouBike2.0_新生南路三段82號前,20,3,大安區,2023-05-27 15:48:14,新生南路三段82號,16,1
10,YouBike2.0_辛亥路一段30號前,8,3,大安區,2023-05-27 15:34:13,辛亥路一段30號,5,1
11,YouBike2.0_和平復興路口西北側,9,0,大安區,2023-05-27 15:47:14,復興南路二段236號,8,1
12,YouBike2.0_羅斯福路三段311號前,11,1,大安區,2023-05-27 15:48:04,羅斯福路三段311號,10,1
13,YouBike2.0_大安運動中心停車場,14,3,大安區,2023-05-27 15:36:15,敦南街76巷28號,11,1
15,YouBike2.0_溫州公園,5,1,大安區,2023-05-27 15:45:15,羅斯福路三段283巷11號,4,1
16,YouBike2.0_和平臥龍街口,15,2,大安區,2023-05-27 15:45:15,臥龍街1號,13,1
17,YouBike2.0_溫州停車場,5,2,大安區,2023-05-27 15:43:15,新生南路三段54巷/溫州街口,3,1
18,YouBike2.0_銘傳國小側門,7,1,大安區,2023-05-27 15:47:04,羅斯福路四段21號旁天橋下,5,1
23,YouBike2.0_公館公園,15,0,大安區,2023-05-27 15:41:04,羅斯福路四段113巷基隆路四段41巷口,15,1
24,YouBike2.0_臺灣科技大學後門,39,0,大安區,2023-05-27 15:48:04,基隆路四段41巷68弄臺科帆船大樓旁,38,1
25,YouBike2.0_臺大醫學院附設癌醫中心,20,1,大安區,2023-05-27 15:40:22,基隆路三段155巷57號西側,19,1
26,YouBike2.0_臺大環研大樓,15,1,大安區,2023-05-27 15:32:13,芳蘭路/基隆路三段155巷口,14,1
33,YouBike2.0_臺大萬才館前,20,3,大安區,2023-05-27 15:15:14,臺大萬才館北側,17,1
39,YouBike2.0_基隆長興路口東側,15,1,大安區,2023-05-27 15:41:16,基隆長興路口東側,14,1
40,YouBike2.0_國北教大側門南側,25,2,大安區,2023-05-27 15:39:14,敦南街51號,22,1
42,YouBike2.0_大安區健康服務中心,15,2,大安區,2023-05-27 15:34:13,辛亥路三段15號,13,1
43,YouBike2.0_辛亥泰順街口,20,0,大安區,2023-05-27 15:25:05,辛亥泰順街口東南側,18,1
46,YouBike2.0_臥龍公園,14,3,大安區,2023-05-27 15:44:14,辛亥路三段223號西側,11,1
49,YouBike2.0_捷運六張犁站,64,3,大安區,2023-05-27 15:48:14,和平東路三段410號,61,1
51,YouBike2.0_法治公園,15,0,大安區,2023-05-27 15:32:04,通化街189號西側,14,1
54,YouBike2.0_和平龍泉街口,34,2,大安區,2023-05-27 15:46:15,和平東路一段/龍泉街口西南側,31,1
64,YouBike2.0_金甌女中,12,3,大安區,2023-05-27 15:35:15,信義路二段與杭州南路二段東南側,8,1
67,YouBike2.0_敦化南路二段293巷口南側,14,1,大安區,2023-05-27 15:27:14,敦化南路二段293巷口南側,13,1
69,YouBike2.0_安和路二段181巷口,17,0,大安區,2023-05-27 15:43:04,安和路二段185號,17,1
71,YouBike2.0_臨江街夜市(基隆路),17,2,大安區,2023-05-27 15:35:15,基隆路二段108號,14,1
73,YouBike2.0_新生南路一段119巷口,33,3,大安區,2023-05-27 15:48:14,新生南路一段113號,27,1
75,YouBike2.0_民榮公園,15,0,大安區,2023-04-20 07:22:04,建國南路一段304巷45號南側,15,0
79,YouBike2.0_捷運大安站(4號出口),13,3,大安區,2023-05-27 15:48:14,信義路4段6號(前),8,1
81,YouBike2.0_信義大安路口(信維大樓),12,2,大安區,2023-05-27 15:45:15,信義路四段74號(前),9,1
85,YouBike2.0_仁愛國中,25,1,大安區,2023-05-27 15:46:15,安和路一段75號(對面),22,1
86,YouBike2.0_捷運信義安和站(2號出口),26,3,大安區,2023-05-27 15:41:16,信義路四段188號前,22,1
88,YouBike2.0_昌隆公園,16,1,大安區,2023-05-27 15:30:44,市民大道三段206號西側,14,1
90,YouBike2.0_信義延吉街口,15,2,大安區,2023-05-27 15:45:15,信義路四段353號,13,1
91,YouBike2.0_光信公園(光復南路456巷),15,2,大安區,2023-05-27 15:46:15,延吉街249號,12,1
92,YouBike2.0_僑安地下停車場(2號出口)東南側,20,3,大安區,2023-05-27 15:41:16,光復南路290巷5號,16,1
94,YouBike2.0_捷運忠孝新生站(6號出口),15,2,大安區,2023-05-27 15:41:16,新生南路一段101號,13,1
95,YouBike2.0_捷運忠孝新生站(4號出口),34,3,大安區,2023-05-27 15:43:15,忠孝新生路口北側,30,1
97,YouBike2.0_捷運忠孝新生站(3號出口),23,3,大安區,2023-05-27 15:45:15,忠孝東路三段與10巷口,20,1
102,YouBike2.0_東豐公園,19,1,大安區,2023-05-27 15:47:14,東豐街24號(旁公園路側),17,1
103,YouBike2.0_德安公園(四維路66巷),14,2,大安區,2023-05-27 15:40:22,四維路66巷6號北側,12,1
105,YouBike2.0_捷運忠孝敦化站(2號出口),17,1,大安區,2023-05-27 15:47:14,忠孝東路四段221號,16,1
106,YouBike2.0_捷運忠孝敦化站(7號出口),18,0,大安區,2023-05-27 15:32:04,忠孝東路四段143號,17,1
108,YouBike2.0_樂利路21巷口,17,0,大安區,2023-05-27 15:45:05,樂利路25號,17,1
109,YouBike2.0_捷運科技大樓站(台北教育大學),46,1,大安區,2023-05-27 15:44:14,和平東路二段134號前,45,1
116,YouBike2.0_敦化南路二段103巷口,24,0,大安區,2023-05-27 15:32:04,敦化南路二段99號前,24,1
117,YouBike2.0_復興南路二段128巷口,28,0,大安區,2023-05-27 15:42:03,復興南路二段142之1號前,28,1
119,YouBike2.0_芳蘭山莊,16,1,大安區,2023-05-27 15:29:14,基隆路三段155巷148號,15,1
121,YouBike2.0_捷運東門站(5號出口),28,0,大安區,2023-05-27 15:48:14,信義路二段178號前,27,1
124,YouBike2.0_臺北科技大學(電機工程系),16,0,大安區,2023-05-27 15:48:04,忠孝東路三段100號對側,16,1
130,YouBike2.0_辛亥路三段157巷口,19,0,大安區,2023-05-27 15:42:03,辛亥路三段與辛亥路三段157巷口西北側,19,1
134,YouBike2.0_和平敦化路口,25,3,大安區,2023-05-27 15:28:14,和平東路三段 / 敦化南路二段口(東側),21,1
135,YouBike2.0_基隆長興路口,43,1,大安區,2023-05-27 15:47:14,基隆路/長興街(東南側),42,1
136,YouBike2.0_仁愛路四段122巷口,16,1,大安區,2023-05-27 15:45:05,仁愛路四段118號前,15,1
137,YouBike2.0_市民敦化路口,15,3,大安區,2023-05-27 15:47:14,敦化南路一段111號前,12,1
144,YouBike2.0_臺北遠企購物中心,33,0,大安區,2023-05-27 15:28:04,敦化南路二段201號前,32,1
145,YouBike2.0_外交部外交及國際事務學院,17,3,大安區,2023-05-27 15:48:14,敦化南路一段280號,14,1
146,YouBike2.0_四維路170巷口,22,0,大安區,2023-05-27 15:43:04,敦化南路二段92號對側中央分隔島,22,1
148,YouBike2.0_捷運臺電大樓站(2號出口)_1,31,0,大安區,2023-05-27 15:39:04,羅斯福路三段201號旁,30,1
151,YouBike2.0_敦化南路二段81巷,40,2,大安區,2023-05-27 15:42:14,敦化南路二段與敦化南路二段81巷口西北側,37,1
152,YouBike2.0_原臺北刑務所官舍,23,3,大安區,2023-05-27 15:48:14,金華街78號對側,20,1
154,YouBike2.0_懷生國中,15,3,大安區,2023-05-27 15:40:22,忠孝東路三段248巷30號,11,1
158,YouBike2.0_捷運大安站(5號出口),19,1,大安區,2023-05-27 15:40:22,復興南路二段/信義路四段(東南側),15,1
159,YouBike2.0_臨江公園,13,0,大安區,2023-05-27 15:48:04,通化街143巷33號對側,12,1
160,YouBike2.0_羅斯福路四段113巷19弄口,14,1,大安區,2023-05-27 15:41:04,羅斯福路四段119巷84號對側,12,1
161,YouBike2.0_忠孝東路四段248巷口,15,3,大安區,2023-05-27 15:48:14,忠孝東路四段230號前,10,1
163,YouBike2.0_樂利路101巷口,13,1,大安區,2023-05-27 15:48:14,樂利路97號前,12,1
168,YouBike2.0_民族延平路口,23,1,大同區,2023-05-27 15:44:14,延平北路三段123號北側,22,1
169,YouBike2.0_重慶酒泉街口,30,0,大同區,2023-05-27 15:41:04,重慶北路三段260號前,30,1
172,YouBike2.0_臺北孔廟,27,2,大同區,2023-05-27 15:44:14,哈密街61號口對側人行道,25,1
177,YouBike2.0_台北數位產業園區,24,3,大同區,2023-05-27 15:45:15,承德路三段287號前方,21,1
178,YouBike2.0_民權延平路口(西北側),20,3,大同區,2023-05-27 15:47:14,民權西路239號前方,17,1
184,YouBike2.0_捷運大橋頭站(1A出口),18,0,大同區,2023-05-27 15:46:04,民權西路237號旁,16,1
185,YouBike2.0_捷運民權西路站(2號出口),25,1,大同區,2023-05-27 15:43:04,捷運民權西路站(2號出口)西側,24,1
187,YouBike2.0_捷運北門站(3號出口),62,1,大同區,2023-05-27 15:48:04,塔城街與鄭州路口西南側,61,1
188,YouBike2.0_朝陽公園,10,2,大同區,2023-05-27 15:40:22,重慶北路二段62-1號旁,8,1
190,YouBike2.0_大龍公園,18,0,大同區,2023-05-27 15:42:04,大龍街217號對側,18,1
192,YouBike2.0_圓山線形公園,14,2,大同區,2023-05-27 15:48:14,玉門街/民族西路(西北側),12,1
193,YouBike2.0_圓環站,28,1,大同區,2023-05-27 15:48:14,重慶北路一段128號前,27,1
194,YouBike2.0_重慶民族路口,20,2,大同區,2023-05-27 15:45:15,重慶北路三段162號前,17,1
195,YouBike2.0_承德路三段8巷口,16,0,大同區,2023-05-27 15:43:04,承德路三段14號前,16,1
198,YouBike2.0_聯合醫院中興院區,27,3,大同區,2023-05-27 15:41:16,長安西路299號(對面),24,1
202,YouBike2.0_重慶保安街口(家樂福重慶店),20,2,大同區,2023-05-27 15:48:04,重慶北路二段171號(旁),18,1
208,YouBike2.0_承德民生西路口,11,2,大同區,2023-05-27 15:46:15,承德路二段137號前,9,1
209,YouBike2.0_太原五原路口,24,3,大同區,2023-05-27 15:43:15,太原路 / 五原路口(東南側),21,1
210,YouBike2.0_臺北轉運站(華陰街),20,1,大同區,2023-05-27 15:48:14,華陰街45號(對面),19,1
211,YouBike2.0_捷運民權西路站(3號出口),50,1,大同區,2023-05-27 15:40:22,民權西路70巷37號對面,49,1
212,YouBike2.0_捷運中山站(5號出口),11,0,大同區,2023-05-27 15:47:14,南京西路57號前,11,1
217,YouBike2.0_樹德公園_1,21,3,大同區,2023-05-27 15:48:14,大龍街/大龍街85巷(東北側),18,1
220,YouBike2.0_雙蓮國小,20,2,大同區,2023-05-27 15:41:16,民權西路102巷4弄25號對側人行道,18,1
221,YouBike2.0_寧夏涼州街口,15,2,大同區,2023-05-27 15:37:14,寧夏路141號對側,12,1
226,YouBike2.0_百齡國小,50,2,士林區,2023-05-27 15:47:14,前港街104號(對面),48,1
227,YouBike2.0_雨聲街165巷口,15,1,士林區,2023-05-27 13:38:03,雨聲街/雨聲街165巷(西北側),14,1
229,YouBike2.0_中山天母路口,29,3,士林區,2023-05-27 15:46:15,天母西路3-55號前人行道,26,1
234,YouBike2.0_天母北天玉街口,15,2,士林區,2023-05-27 15:41:16,天母北路33號(前),13,1
238,YouBike2.0_忠誠路一段173巷口,11,0,士林區,2023-05-27 15:41:04,忠誠路一段177號(前),11,1
239,YouBike2.0_雨農國小,35,1,士林區,2023-05-27 15:45:16,忠誠路一段127號(前),32,1
240,YouBike2.0_忠誠公園,14,1,士林區,2023-05-27 15:47:14,忠誠路一段18號(對面),11,1
241,YouBike2.0_芝山抽水站,21,0,士林區,2023-05-27 15:48:04,至誠路二段47-49號(前),21,1
243,YouBike2.0_華齡公園,25,3,士林區,2023-05-27 15:47:14,劍潭路76號(對面),21,1
245,YouBike2.0_華齡街185巷口,12,1,士林區,2023-05-27 15:42:04,華齡街188號(前),10,1
246,YouBike2.0_前港公園(前港街),19,2,士林區,2023-05-27 15:43:15,前港街48號(對面),17,1
249,YouBike2.0_臺灣戲曲中心,14,3,士林區,2023-05-27 15:18:14,文林路751號(南側),10,1
252,YouBike2.0_志成公園,23,0,士林區,2023-05-27 15:44:04,中正路/雨農路口(西北側),23,1
253,YouBike2.0_福林國小,14,2,士林區,2023-05-27 15:48:14,福志路50號(對面),11,1
255,YouBike2.0_士林運動中心,30,1,士林區,2023-05-27 15:47:14,士商路1號(前),29,1
259,YouBike2.0_華聲公園,27,0,士林區,2023-02-03 10:09:04,華聲街17號(南側路側),27,0
261,YouBike2.0_捷運士林站(2號出口),30,3,士林區,2023-05-27 15:45:16,中山北路五段505巷44弄2號(對面),25,1
262,YouBike2.0_銘傳大學,30,0,士林區,2023-05-17 23:56:05,中山北路五段250號(銘傳大學對側),29,0
265,YouBike2.0_聯合醫院陽明院區,15,1,士林區,2023-05-27 15:48:04,雨聲街105號(南側),13,1
270,YouBike2.0_梅林新村,15,2,士林區,2023-05-27 15:11:16,至善路一段/至善路一段138巷(北側),13,1
272,YouBike2.0_重慶北路四段190巷口,13,1,士林區,2023-05-27 14:47:14,重慶北路四段198號(前),12,1
273,YouBike2.0_重慶北葫東街口,15,0,士林區,2023-05-27 15:05:05,重慶北路四段177號(前),15,1
274,YouBike2.0_葫蘆國小,20,1,士林區,2023-05-27 15:44:14,環河北路三段/葫蘆街(東北側),19,1
280,YouBike2.0_社子公園,14,0,士林區,2023-05-27 15:44:04,永平街20巷37弄/永平街20巷11弄(社子公園南側),14,1
281,YouBike2.0_國立故宮博物院,17,1,士林區,2023-05-27 15:19:04,力行街8號(對面),15,1
282,YouBike2.0_泰北高中,16,0,士林區,2023-05-27 15:38:04,福林路240號(前),16,1
283,YouBike2.0_後港公園,15,2,士林區,2023-05-27 15:27:14,通河東街二段26號(旁公園),13,1
286,YouBike2.0_延平北路八段133巷口,15,2,士林區,2023-05-27 14:53:16,延平北路八段133巷42號(對面),13,1
289,YouBike2.0_福安國中,11,3,士林區,2023-05-27 12:35:15,延平北路七段250號(前),8,1
294,YouBike2.0_蘭雅國小,27,3,士林區,2023-05-27 15:48:14,礦溪街與中山北路六段195巷口,23,1
303,YouBike2.0_芝山聖佑宮,15,3,士林區,2023-05-27 15:47:14,雨聲街90號旁,10,1
304,YouBike2.0_至誠雨聲街口,9,0,士林區,2023-05-27 15:42:04,至誠路二段與雨聲街口東北側,8,1
305,YouBike2.0_捷運線型公園(後街),13,0,士林區,2023-05-27 15:46:04,後街15號旁,13,1
308,YouBike2.0_文林福華路口,19,1,士林區,2023-05-27 15:35:15,文林路 / 福華路口(東側),17,1
314,YouBike2.0_葫蘆國小(延平北路五段285巷),15,0,士林區,2023-05-27 15:37:04,環河北路三段/延平北路五段285巷,15,1
315,YouBike2.0_社子市場,15,3,士林區,2023-05-27 14:59:19,延平北路六段67號旁,12,1
319,YouBike2.0_延平北路五段257巷15弄口,13,3,士林區,2023-05-27 15:32:13,葫蘆街184號對側,10,1
322,YouBike2.0_中山福國路口,14,3,士林區,2023-05-27 15:41:16,中山北路五段837號前,9,1
330,YouBike2.0_士商路40巷口,15,2,士林區,2023-05-27 15:40:22,士商路40巷2號旁,13,1
334,YouBike2.0_臺北市立大學(忠誠路二段207巷),17,3,士林區,2023-05-27 15:27:14,忠誠路二段207巷/士東路299巷口,14,1
336,YouBike2.0_美崙公園(東北側),15,1,士林區,2023-05-27 15:47:04,文林路587巷115號對側,14,1
337,YouBike2.0_台北花木批發市場,32,1,文山區,2023-05-27 15:42:14,萬盛街/興隆路一段(西北側),30,1
338,YouBike2.0_捷運萬隆站(4號出口),21,2,文山區,2023-05-27 15:44:14,羅斯福路5段210號(前),19,1
339,YouBike2.0_捷運萬隆站(1號出口),34,0,文山區,2023-05-27 15:34:03,羅斯福路五段250號(前),34,1
340,YouBike2.0_萬和二號公園,26,3,文山區,2023-05-27 15:47:14,萬隆街255號(對面),23,1
354,YouBike2.0_國立政治大學,35,0,文山區,2023-05-27 15:29:04,指南路二段153號(對面),35,1
355,YouBike2.0_捷運動物園站,18,1,文山區,2023-05-27 15:35:15,新光路二段30號(對面),16,1
362,YouBike2.0_考試院,22,1,文山區,2023-05-27 15:48:15,試院路(雙號)/木柵路一段(東北側),19,1
363,YouBike2.0_和興路26巷口,15,2,文山區,2023-05-27 15:29:14,和興路44巷 / 和興路26巷口,12,1
366,YouBike2.0_臺北市立景美女中,25,0,文山區,2023-05-27 15:44:04,木新路三段/一壽街(西北側),24,1
367,YouBike2.0_永安藝文館-表演36房,15,1,文山區,2023-05-27 15:46:15,木新路二段156號前人行道(永安市場),14,1
370,YouBike2.0_老泉街籃球場,14,0,文山區,2023-05-27 14:41:04,老泉街26巷老泉街口(籃球場前),14,1
374,YouBike2.0_木新路3段95巷口,16,2,文山區,2023-05-27 15:25:15,木新路三段95巷30號(對面),12,1
377,YouBike2.0_指南路3段2巷,13,0,文山區,2023-05-27 15:41:04,指南路三段4號(旁),13,1
378,YouBike2.0_萊茵公園,14,2,文山區,2023-05-27 12:34:13,忠順街二段87巷25弄29號,12,1
380,YouBike2.0_秀明路一段185巷口,20,0,文山區,2023-05-27 15:03:04,秀明路一段與秀明路一段185巷口,20,1
381,YouBike2.0_秀明路一段129巷口,22,3,文山區,2023-05-27 15:44:14,秀明路一段129巷與秀明路一段路口,19,1
383,YouBike2.0_萬有3號公園,14,3,文山區,2023-05-27 15:42:14,景隆街105號(對面),11,1
385,YouBike2.0_興得閱覽室,24,0,文山區,2023-05-27 15:29:04,興隆路三段304巷145號,21,1
387,YouBike2.0_博嘉運動公園,12,1,文山區,2023-05-27 14:57:14,木柵路四段159巷16號,11,1
390,YouBike2.0_政大一街口,14,0,文山區,2023-05-27 12:44:04,政大一街19號對側,13,1
393,YouBike2.0_海巡署(南側),10,1,文山區,2023-05-27 15:47:14,興隆路三段211號對側(公車亭後),9,1
394,YouBike2.0_明道國小東南側,18,2,文山區,2023-05-27 15:48:15,興隆路四段109巷116號對側,16,1
398,YouBike2.0_捷運動物園站(2號出口),39,1,文山區,2023-05-27 15:47:14,新光路二段28號前,37,1
399,YouBike2.0_政大水岸電梯,10,3,文山區,2023-05-27 15:05:16,政治大學水岸電梯旁,7,1
400,YouBike2.0_敦南山林,14,3,文山區,2023-05-27 15:44:14,木柵路四段159巷16弄(社區出入口對側),11,1
401,YouBike2.0_辛亥路五段73巷口,13,1,文山區,2023-05-27 15:23:14,辛亥路五段75-1號前人行道,12,1
402,YouBike2.0_景美污水抽水站,15,1,文山區,2023-05-27 15:47:14,汀州路四段10號北側人行道,14,1
404,YouBike2.0_景興國中,10,3,文山區,2023-05-27 15:42:14,三福街4巷與景興路46巷口,7,1
405,YouBike2.0_景仁公園_1,15,2,文山區,2023-05-27 15:19:14,景仁街 / 羅斯福路六段142巷口(北側),12,1
406,YouBike2.0_師大公館校區學二舍,40,2,文山區,2023-05-27 15:32:13,臺灣師範大學學二舍西側人行道,36,1
409,YouBike2.0_辛亥路四段77巷口,14,0,文山區,2023-05-27 14:19:04,辛亥路四段77巷口,14,1
410,YouBike2.0_景興路42巷口,12,1,文山區,2023-05-27 15:25:05,景興路42巷與景興路口西南側,11,1
412,YouBike2.0_木柵路二段109巷,15,0,文山區,2023-05-27 14:26:04,木柵路二段109巷14號旁,15,1
414,YouBike2.0_萬美萬安街口,16,0,文山區,2023-05-27 13:11:04,萬美街一段/萬安街口,16,1
415,YouBike2.0_興隆路二段203巷(敦南),27,3,文山區,2023-05-27 14:45:16,興隆路二段203巷16號,23,1
416,YouBike2.0_新光秀明路口,15,1,文山區,2023-05-27 15:48:15,新光路一段145號前,14,1
420,YouBike2.0_捷運公館站(4號出口),12,1,中正區,2023-05-27 15:47:14,羅斯福路四段48號,11,1
423,YouBike2.0_捷運臺電大樓站(1號出口),34,2,中正區,2023-05-27 15:48:15,辛亥路一段/羅斯福路三段南側,29,1
424,YouBike2.0_客家文化主題公園,15,0,中正區,2023-05-27 15:30:32,師大路/金門街11巷口對側人行道,15,1
425,YouBike2.0_河堤國小,27,2,中正區,2023-05-27 15:46:15,汀洲路二段182巷內186號旁,25,1
427,YouBike2.0_捷運臺電大樓站(5號出口),14,2,中正區,2023-05-27 15:38:14,羅斯福路三段126號前,12,1
428,YouBike2.0_捷運臺電大樓站(4號出口),13,0,中正區,2023-05-27 15:45:05,師大路/羅斯福路三段西側,13,1
429,YouBike2.0_羅斯福三段金門街口,15,1,中正區,2023-05-27 15:47:14,羅斯福路三段2號前,13,1
431,YouBike2.0_捷運古亭站(8號出口),15,3,中正區,2023-05-27 15:48:15,和平西路一段13-1號前方,11,1
432,YouBike2.0_捷運古亭站(7號出口),12,0,中正區,2023-05-27 15:47:14,羅斯福路二段44號前方,11,1
435,YouBike2.0_孫立人將軍官邸,23,2,中正區,2023-05-27 15:46:15,南昌路一段136號前,21,1
443,YouBike2.0_永昌公園,15,3,中正區,2023-05-27 15:17:32,詔安街224號前,6,1
444,YouBike2.0_中華路二段409巷口,15,3,中正區,2023-05-27 15:41:16,中華路二段403號前,12,1
450,YouBike2.0_捷運小南門站(2號出口),18,2,中正區,2023-05-27 15:24:04,愛國西路30號之2前方,15,1
452,YouBike2.0_中華貴陽街口,20,3,中正區,2023-05-27 15:36:15,貴陽街一段243之1號(前),17,1
461,YouBike2.0_延平南路133巷口,17,2,中正區,2023-05-27 15:37:14,延平南路162號對側,15,1
478,YouBike2.0_莒光大埔街口,32,0,中正區,2023-05-27 15:46:04,莒光路/大埔街口(東北側),31,1
479,YouBike2.0_捷運忠孝新生站(2號出口),32,1,中正區,2023-05-27 15:48:15,忠孝東路二段132號(東側),30,1
482,YouBike2.0_捷運中正紀念堂站(5號出口),29,3,中正區,2023-05-27 15:41:16,捷運中正紀念堂站(5號出口)西側,26,1
483,YouBike2.0_北平東杭州北路口,20,2,中正區,2023-05-27 15:46:15,北平東路/杭州北路口(東北側),18,1
484,YouBike2.0_王貫英先生紀念圖書館,15,0,中正區,2023-05-27 15:45:05,汀州路二段265號,15,1
489,YouBike2.0_捷運臺北車站(M2出口),20,0,中正區,2023-05-27 15:23:04,市民大道一段168號旁,20,1
490,YouBike2.0_臺北市國父史蹟館(逸仙公園),31,3,中正區,2023-05-27 15:48:15,中山北路一段46號北側,28,1
492,YouBike2.0_弘道國中,18,1,中正區,2023-05-27 15:44:14,公園路21號西北側,16,1
494,YouBike2.0_台北市替代役中心,15,1,中正區,2023-05-27 15:39:14,汀州路三段8號前,14,1
495,YouBike2.0_紹興徐州路口,18,0,中正區,2023-05-27 15:27:04,紹興南街/徐州路(東南側),18,1
496,YouBike2.0_羅斯福寧波東街口,20,3,中正區,2023-05-27 15:46:15,羅斯福路一段/寧波東街(東南側),17,1
500,YouBike2.0_仁愛金山路口,9,0,中正區,2023-05-27 14:40:12,仁愛路二段31號前,9,1
501,YouBike2.0_杭州南路一段101巷口,14,1,中正區,2023-05-27 15:35:15,金山南路一段72號前,13,1
506,YouBike2.0_林森北平路口,20,2,中正區,2023-05-27 15:36:15,林森北路與北平東路口西北側,17,1
509,YouBike2.0_捷運忠孝新生站(1號出口),19,0,中正區,2023-05-27 15:46:04,捷運忠孝新生站(1號出口)後方,19,1
510,YouBike2.0_捷運忠孝新生站(5號出口),13,2,中正區,2023-05-27 15:47:14,新生南路一段56號前方,11,1
514,YouBike2.0_仁愛紹興街口(南側),17,1,中正區,2023-05-27 15:42:14,仁愛路一段/紹興南街口(南側),16,1
521,YouBike2.0_仁愛金山路口(東南側),14,0,中正區,2023-05-27 15:48:15,仁愛路二段48-4號前,14,1
522,YouBike2.0_臺灣文學基地,15,0,中正區,2023-05-27 14:50:11,齊東街53巷10號,15,1
523,YouBike2.0_重慶南詔安街口,15,3,中正區,2023-05-27 15:48:15,重慶南路三段/詔安街,12,1
525,YouBike2.0_捷運中正紀念堂站(2號出口),12,0,中正區,2023-05-27 15:42:04,羅斯福路一段10號前,12,1
526,YouBike2.0_螢圃里小公園,19,1,中正區,2023-05-27 15:40:22,汀州路二段135號對側,17,1
527,YouBike2.0_螢橋公園,15,2,中正區,2023-05-27 15:37:14,和平西路一段110號旁,11,1
530,YouBike2.0_樂群二堤頂大道口,20,0,中山區,2023-05-27 15:41:04,堤頂大道二段382號(旁),19,1
533,YouBike2.0_樂群二明水路口,20,2,中山區,2023-05-27 15:43:15,樂群二路/明水路口(東北側),18,1
536,YouBike2.0_樂群二敬業三路口,20,2,中山區,2023-05-27 15:38:15,敬業三路155號(前),18,1
537,YouBike2.0_樂群二敬業四路口,36,1,中山區,2023-05-27 15:46:15,樂群二路186號,35,1
539,YouBike2.0_復興市民路口,45,3,中山區,2023-05-27 15:48:15,復興南路一段36-9號前人行道,42,1
545,YouBike2.0_一江公園,22,3,中山區,2023-05-27 15:36:15,一江街/松江路132巷口(西北側),19,1
547,YouBike2.0_新生長春路口,20,0,中山區,2023-05-27 15:40:11,新生北路二段/新生北路二段68巷交叉口(新生橋下),19,1
549,YouBike2.0_民生建國路口,26,3,中山區,2023-05-27 15:48:15,民生東路三段 / 建國北路二段口,23,1
556,YouBike2.0_朱崙商場,31,3,中山區,2023-05-27 15:48:15,龍江路15號前,27,1
557,YouBike2.0_中吉公園,15,0,中山區,2023-05-27 15:40:11,松江路170巷20號對側,15,1
558,YouBike2.0_華山公園,19,2,中山區,2023-05-27 15:47:14,市民大道與長安東路一段52巷口,16,1
560,YouBike2.0_江寧公園,15,0,中山區,2023-05-27 15:48:15,合江街186號對側,14,1
563,YouBike2.0_捷運行天宮站(3號出口),42,1,中山區,2023-05-27 15:48:04,松江路261號前,40,1
564,YouBike2.0_林森農安街口,17,0,中山區,2023-05-27 15:36:04,林森北路582號(前),17,1
565,YouBike2.0_捷運中山國小站(4號出口),20,0,中山區,2023-05-27 15:47:04,民權東路一段/民權東路一段71巷口,20,1
566,YouBike2.0_農安雙城街口,15,0,中山區,2023-05-27 15:39:04,農安街12-1號前方,15,1
567,YouBike2.0_新生德惠街口,15,1,中山區,2023-05-27 15:43:15,新生北路三段76號對側,14,1
570,YouBike2.0_中山民族路口,16,0,中山區,2023-05-27 15:23:04,中山北路三段54號前,16,1
571,YouBike2.0_新生高架停車場(林森北路107巷口),14,1,中山區,2023-05-27 15:36:04,新生北路一段與林森北路107巷口(新生高架橋下),12,1
573,YouBike2.0_仁德公園,18,0,中山區,2023-04-17 00:35:05,吉林路108巷與南京東路二段21巷口東南側,18,0
574,YouBike2.0_中原公園,15,2,中山區,2023-05-27 15:21:16,新生北路二段45巷(中原公園西側),13,1
575,YouBike2.0_下埤公園,24,3,中山區,2023-05-27 15:46:15,民族東路512巷13弄4號,21,1
577,YouBike2.0_榮星花園,38,1,中山區,2023-05-27 15:46:15,五常街77號對側,35,1
580,YouBike2.0_新喜公園,13,1,中山區,2023-05-27 15:40:22,德惠街170巷22號對側,11,1
583,YouBike2.0_林安泰古厝,22,1,中山區,2023-05-27 15:40:11,濱江街5號對側,21,1
584,YouBike2.0_中山公民會館,20,1,中山區,2023-05-27 15:43:04,中山北路二段128巷口,17,1
587,YouBike2.0_撫順公園,20,0,中山區,2023-05-27 15:30:32,中山北路三段2號對側,19,1
588,YouBike2.0_新生公園,16,0,中山區,2023-05-27 13:47:04,民族東路/吉林路口(西北側),16,1
591,YouBike2.0_建國農安街口,35,2,中山區,2023-05-27 15:43:15,建國北路/農安街口(建國橋下),31,1
592,YouBike2.0_松江路77巷口,10,0,中山區,2023-05-27 15:26:04,松江路77巷口,10,1
595,YouBike2.0_民權吉林路口,15,0,中山區,2023-05-27 15:46:04,民權東路二段51號前,14,1
596,YouBike2.0_中山農安街口,17,0,中山區,2023-05-27 15:44:04,中山北路三段25號前,16,1
598,YouBike2.0_中吉公園(松江路188巷),22,1,中山區,2023-05-27 15:35:15,松江路188巷11號對側,21,1
603,YouBike2.0_中山北路二段59巷口,12,3,中山區,2023-05-27 15:48:15,中山北路二段59之3號前,7,1
606,YouBike2.0_濱江街199巷口,15,0,中山區,2023-05-27 15:48:04,濱江街199巷(八號疏散門前),15,1
607,YouBike2.0_大佳社區公園,15,2,中山區,2023-05-27 15:43:15,濱江街154巷對側,13,1
611,YouBike2.0_台泥大樓,18,1,中山區,2023-05-27 15:48:15,中山北路二段113-133號前,15,1
613,YouBike2.0_新興公園,20,1,中山區,2023-05-27 15:43:15,錦州街13巷/中山北路二段137巷口(東南側),19,1
614,YouBike2.0_南京伊通街口,11,3,中山區,2023-05-27 15:46:15,南京東路二段178-1號,8,1
615,YouBike2.0_南京龍江路口,15,0,中山區,2023-05-27 15:48:04,南京東路三段121號前,15,1
620,YouBike2.0_中429公園,15,0,中山區,2023-05-27 14:46:04,敬業三路177巷南側,15,1
621,YouBike2.0_長春路137巷口,16,0,中山區,2023-05-27 15:09:04,民生東路二段134號前,16,1
622,YouBike2.0_松江民生路口,17,0,中山區,2023-05-27 15:32:04,松江路208號前,16,1
624,YouBike2.0_長春吉林路口,10,1,中山區,2023-05-27 15:33:15,長春路120號前,9,1
625,YouBike2.0_長春一江街口,11,0,中山區,2023-05-27 15:39:04,長春路135號前,11,1
626,YouBike2.0_捷運松江南京站(8號出口),20,3,中山區,2023-05-27 15:48:15,南京東路二段101號前,17,1
628,YouBike2.0_松江長春路口,16,2,中山區,2023-05-27 15:31:15,松江路158號前,14,1
631,YouBike2.0_新生農安街口,15,2,中山區,2023-05-27 15:46:15,新生北路三段與農安街口(高架橋下),13,1
632,YouBike2.0_稻江高級護理家事職業學校,14,0,中山區,2023-05-27 15:28:04,農安街77巷與農安街77巷1弄口,13,1
634,YouBike2.0_樂群二明水路口_1,20,1,中山區,2023-05-27 15:47:14,樂群二路 / 明水路口(東側),19,1
635,YouBike2.0_民權吉林路口(南側),16,1,中山區,2023-05-27 15:42:04,民權東路二段46號前,15,1
637,YouBike2.0_民權新生路口,26,0,中山區,2023-05-27 14:29:04,民權東路一段/新生北路三段(北側)(新生高架橋下),26,1
639,YouBike2.0_中山行政中心,24,3,中山區,2023-05-27 15:38:15,松江路/農安街口,19,1
642,YouBike2.0_濱江國小游泳池,16,0,中山區,2023-05-27 15:47:14,樂群二路266巷99號前,16,1
644,YouBike2.0_中428公園,15,1,中山區,2023-05-27 15:40:22,樂群二路30巷/樂群二路116巷61弄,14,1
645,YouBike2.0_復華公園,20,0,中山區,2023-05-27 15:29:04,南京東路三段109巷/龍江路120巷,20,1
646,YouBike2.0_新生民族路口(西南側),15,2,中山區,2023-05-27 15:35:05,新生北路三段/民族東路(西南側),13,1
650,YouBike2.0_大直街94巷,15,1,中山區,2023-05-27 15:40:22,大直街94巷口,13,1
652,YouBike2.0_民權建國路口(南側),15,1,中山區,2023-05-27 15:25:05,民權東路三段/建國北路二段(南側高架橋下),13,1
654,YouBike2.0_新生濱江街口(東南側),21,0,中山區,2023-05-27 15:01:04,新生北路三段/濱江街口(東南側),21,1
655,YouBike2.0_新生北路一段62巷口,20,3,中山區,2023-05-27 15:17:32,新生北路一段64號對側,17,1
656,YouBike2.0_新生長春路口(東北側),19,1,中山區,2023-05-27 15:10:22,新生北路二段39-2號對側,17,1
658,YouBike2.0_敬業三樂群三路口(西北側),16,2,中山區,2023-05-27 15:48:15,敬業三路/樂群三路口,14,1
659,YouBike2.0_長春路258巷2弄口,15,1,中山區,2023-05-27 15:47:14,長春路258巷6號北側,14,1
660,YouBike2.0_長寧大廈社區(南側),15,0,中山區,2023-05-27 15:43:04,遼寧街201巷13號前,15,1
661,YouBike2.0_建國五常街口,20,2,中山區,2023-05-27 15:44:14,建國北路三段/五常街,18,1
662,YouBike2.0_中山北路二段62巷口,12,0,中山區,2023-05-27 15:30:32,中山北路二段66號前,12,1
663,YouBike2.0_市民安東街口,20,2,中山區,2023-05-27 15:26:16,市民大道三段179號前,18,1
664,YouBike2.0_市民大道二段5巷口,15,1,中山區,2023-05-27 15:27:14,市民大道二段/市民大道二段5巷,14,1
669,YouBike2.0_文湖國小,31,3,內湖區,2023-05-27 15:36:15,文湖街21巷口北側,28,1
670,YouBike2.0_文湖街81巷10號西側,14,3,內湖區,2023-05-27 15:42:14,文湖街81巷10號西側,9,1
671,YouBike2.0_德明財經科技大學,27,1,內湖區,2023-05-27 15:47:14,環山路一段56號南側,26,1
672,YouBike2.0_麗山國小,15,0,內湖區,2023-05-27 15:27:04,內湖路一段411巷56號東側,15,1
674,YouBike2.0_港華五號公園,16,0,內湖區,2023-05-27 15:42:04,環山路二段81號西北側,16,1
675,YouBike2.0_大湖國小,25,3,內湖區,2023-05-27 15:46:15,大湖山莊街/大湖山莊街176巷(東南側),20,1
676,YouBike2.0_安湖三號公園,12,0,內湖區,2023-05-27 15:47:14,東湖路113巷49弄3號北側,12,1
677,YouBike2.0_東湖路113巷95弄,10,0,內湖區,2023-05-27 10:23:04,東湖路113巷95弄13號西側,9,1
679,YouBike2.0_文德三號公園(江南街71巷16弄),15,3,內湖區,2023-05-27 15:37:14,瑞光路271號東南側,12,1
681,YouBike2.0_康寧星雲街口,12,1,內湖區,2023-05-27 15:37:14,康寧路一段116號,11,1
682,YouBike2.0_星雲街47號,15,0,內湖區,2023-05-27 15:45:05,星雲街47號南側,15,1
684,YouBike2.0_捷運西湖站(2號出口),12,0,內湖區,2023-05-27 15:35:05,內湖路一段291號(對面),12,1
687,YouBike2.0_環山路二段26巷口,29,1,內湖區,2023-05-27 15:44:14,環山路二段/環山路二段26巷(西南側),28,1
689,YouBike2.0_碧山公園,31,0,內湖區,2023-05-27 15:48:04,內湖路三段60巷28號東側,31,1
693,YouBike2.0_文德二號公園(南側),13,0,內湖區,2023-05-27 14:49:04,陽光街與陽光街68巷102弄口,13,1
694,YouBike2.0_文德二號公園(北側),15,3,內湖區,2023-05-27 15:23:14,文德路210巷12號對側,11,1
695,YouBike2.0_瑞陽公園,12,0,內湖區,2023-05-27 14:48:04,文德路22巷6號(對面),12,1
697,YouBike2.0_潭美街213號,12,1,內湖區,2023-05-27 15:46:15,潭美街213號南側,11,1
699,YouBike2.0_潭美國小(南京舊宗路口),16,2,內湖區,2023-05-27 15:12:15,行善路179號南側,14,1
700,YouBike2.0_新明路343號,10,1,內湖區,2023-05-27 15:23:04,新明路341號北側,9,1
701,YouBike2.0_週美里活動廣場,17,2,內湖區,2023-05-27 15:39:14,潭美街139號對側,15,1
702,YouBike2.0_內湖行政中心,25,2,內湖區,2023-05-27 15:41:16,民權東路六段99號(前),23,1
705,YouBike2.0_明美公園,18,2,內湖區,2023-05-27 15:32:13,石潭路27號南側,16,1
709,YouBike2.0_瑞光公共住宅(瑞光路),18,2,內湖區,2023-05-27 15:40:22,瑞光路160號,16,1
710,YouBike2.0_民權東路六段15巷,17,1,內湖區,2023-05-27 01:11:15,民權東路六段15巷29號,16,1
711,YouBike2.0_扶輪親恩公園,17,1,內湖區,2023-05-27 14:44:04,民權東路六段30號,15,1
720,YouBike2.0_金湖路347巷125弄口,15,0,內湖區,2023-05-27 13:41:04,金湖路347巷125弄1號(對面),15,1
723,YouBike2.0_貿七社區,17,0,內湖區,2023-05-27 15:43:04,內湖路二段179巷48弄17號(旁),17,1
724,YouBike2.0_內湖區農會,12,3,內湖區,2023-05-27 15:42:14,內湖路二段334號(前),9,1
725,YouBike2.0_捷運內湖站(2號出口),10,1,內湖區,2023-05-27 15:39:04,成功路四段167巷6弄2號(旁),8,1
726,YouBike2.0_康寧金湖路口,14,1,內湖區,2023-05-27 15:28:04,康寧路一段273號(對面),13,1
727,YouBike2.0_康寧路一段156巷20弄口,17,0,內湖區,2023-05-27 15:47:14,康寧路一段156巷/康寧路一段156巷20弄(西側),17,1
729,YouBike2.0_安泰街83巷,20,2,內湖區,2023-05-27 15:24:14,安泰街83巷3號(對面),18,1
730,YouBike2.0_內溝溪生態展示館,8,3,內湖區,2023-05-27 13:54:15,康樂街236-3號(前),5,1
739,YouBike2.0_下灣公園,16,1,內湖區,2023-05-27 15:08:14,民權東路六段206巷/民權東路六段190巷75弄(西北側),15,1
744,YouBike2.0_瑞湖陽光街口,25,1,內湖區,2023-05-27 15:40:22,瑞湖街101號對側,23,1
747,YouBike2.0_東湖一號公園,10,1,內湖區,2023-05-27 15:29:04,康寧路三段189巷163弄13號東南側,9,1
748,YouBike2.0_東湖二號公園,15,0,內湖區,2023-05-27 14:51:04,康寧路三段99巷39弄70號東南側,14,1
750,YouBike2.0_堤頂大道新湖一路口,13,0,內湖區,2023-05-27 12:07:04,堤頂大道一段215號前,12,1
752,YouBike2.0_舊宗行善路口,9,2,內湖區,2023-05-27 15:03:15,行善路179號西側,7,1
755,YouBike2.0_金湖星雲街口,30,0,內湖區,2023-05-27 13:17:22,金湖路83號對側,30,1
756,YouBike2.0_國防醫學院,15,0,內湖區,2023-05-27 15:42:04,民權東路六段161號前側,15,1
757,YouBike2.0_民權東路六段190巷117弄口,15,3,內湖區,2023-05-27 13:47:14,民權東路六段190巷117弄15號對側,12,1
760,YouBike2.0_內湖路二段179巷口,16,2,內湖區,2023-05-27 15:09:15,內湖路二段179巷242號對側,13,1
761,YouBike2.0_行善行愛路口,12,0,內湖區,2023-05-27 15:47:04,行善路243號(前),12,1
764,YouBike2.0_陽光街161巷口,16,3,內湖區,2023-05-27 15:28:14,陽光街161巷14號對側,12,1
765,YouBike2.0_潭美公園(南京東路六段368巷),18,0,內湖區,2023-05-27 15:03:04,南京東路六段366號對側,17,1
767,YouBike2.0_三民國中(民權東路六段47巷),13,3,內湖區,2023-05-27 15:37:14,民權東路六段47巷6號對側,10,1
768,YouBike2.0_瑞光路76巷口,12,1,內湖區,2023-05-27 08:01:04,瑞光路102號前,11,1
771,YouBike2.0_碧山內湖路口,16,2,內湖區,2023-05-27 15:23:14,內湖路三段72巷15號西側,14,1
772,YouBike2.0_民權東路六段413巷,16,3,內湖區,2023-05-27 15:10:22,民權東路六段409號前,13,1
776,YouBike2.0_內湖路一段360巷,15,3,內湖區,2023-05-27 15:26:16,內湖路一段358號,12,1
777,YouBike2.0_成功路三段83號前,11,0,內湖區,2023-05-27 13:59:05,成功路三段83號前,11,1
778,YouBike2.0_內湖路一段47巷,16,1,內湖區,2023-05-27 15:47:04,內湖路一段47巷/內湖路一段47巷22弄,15,1
779,YouBike2.0_陽光舊宗路口,20,3,內湖區,2023-05-27 14:33:15,陽光街/舊宗路二段,17,1
780,YouBike2.0_安湖公園,8,0,內湖區,2023-05-27 09:32:04,東湖路113巷95弄/康寧路三段75巷,8,1
782,YouBike2.0_安泰街(康樂橋下),15,3,內湖區,2023-05-27 12:10:19,安泰街(康樂橋下),12,1
783,YouBike2.0_康樂綠地,15,2,內湖區,2023-05-27 15:31:15,康樂街191巷/康樂街,13,1
785,YouBike2.0_明美公園(行善路333巷),16,1,內湖區,2023-05-27 15:08:14,行善路333巷92號前,15,1
786,YouBike2.0_行善路383巷,17,2,內湖區,2023-05-27 15:48:04,行善路383巷27號對側,14,1
789,YouBike2.0_內湖路三段326巷口,15,2,內湖區,2023-05-27 15:42:14,內湖路三段326巷/內湖路三段,13,1
790,YouBike2.0_成功公園,11,3,內湖區,2023-05-27 13:26:19,成功路四段223巷/成功路四段223巷6弄,8,1
791,YouBike2.0_康寧路三段189巷93弄口,14,1,內湖區,2023-05-27 15:45:16,康寧路三段189巷/康寧路三段189巷93弄,12,1
794,YouBike2.0_環山路三段16巷口,13,0,內湖區,2023-05-27 15:48:04,環山路三段/環山路三段16巷口(東南側),13,1
797,YouBike2.0_行善社會住宅,23,2,內湖區,2023-05-27 15:25:16,行愛路與新湖一路口西南側,21,1
798,YouBike2.0_康寧路三段99巷17弄口,15,0,內湖區,2023-05-27 15:37:04,康寧路三段99巷19號對側,15,1
799,YouBike2.0_堤頂大道二段407巷口,15,1,內湖區,2023-05-27 15:47:04,堤頂大道二段405號前,14,1
800,YouBike2.0_海德堡科技大樓,12,1,內湖區,2023-05-27 15:21:16,堤頂大道二段473號前,11,1
801,YouBike2.0_致伸科技大樓,17,1,內湖區,2023-05-27 12:38:14,瑞光路669號旁,16,1
803,YouBike2.0_大都會客運內湖站,15,0,內湖區,2023-05-27 10:25:05,民權東路六段11巷25號對側,15,1
804,YouBike2.0_瑞湖公園,15,1,內湖區,2023-05-27 10:44:04,民權東路六段15巷/民權東路六段19巷,14,1
807,YouBike2.0_瑞光路358巷口,14,3,內湖區,2023-05-27 10:48:14,瑞光路/瑞光路358巷,11,1
810,YouBike2.0_民權東路六段56巷口,15,1,內湖區,2023-05-27 15:42:14,民權東路六段56巷7號對側,13,1
811,YouBike2.0_新湖三行忠路72巷口,15,0,內湖區,2023-05-27 14:30:26,新湖三路/行忠路72巷,14,1
812,YouBike2.0_新湖三新湖二146巷口,15,1,內湖區,2023-05-27 15:30:32,新湖三路122、124號對側,14,1
815,YouBike2.0_內湖路一段120巷15弄,19,3,內湖區,2023-05-27 06:54:14,內湖路一段120巷15弄8號對側,16,1
816,YouBike2.0_北勢湖環保公園(堤頂大道側),14,1,內湖區,2023-05-27 12:09:04,堤頂大道二段501號前,13,1
817,YouBike2.0_達爾文大樓,15,2,內湖區,2023-05-27 15:45:16,洲子街61號,13,1
822,YouBike2.0_文林建民路口,20,1,北投區,2023-05-27 15:27:14,文林北路214-216號(前),19,1
826,YouBike2.0_關渡醫院,14,2,北投區,2023-05-27 15:43:15,知行路235巷7號(對面),9,1
827,YouBike2.0_捷運忠義站(1號出口),17,3,北投區,2023-05-27 15:43:15,中央北路四段262號(對面),14,1
828,YouBike2.0_捷運關渡站(1號出口),54,0,北投區,2023-05-27 15:48:15,大度路三段270巷/立功街55巷(西南側),52,1
829,YouBike2.0_捷運關渡站(2號出口),14,0,北投區,2023-05-27 15:21:04,捷運關渡站2號出口外人行道,14,1
830,YouBike2.0_中央北路四段540巷口,19,2,北投區,2023-05-27 15:46:15,中央北路四段529號(對面),17,1
831,YouBike2.0_大度立德路口,18,3,北投區,2023-05-27 15:36:15,大度路三段立德路口(西北側),15,1
834,YouBike2.0_豐年公園,20,0,北投區,2023-05-27 14:08:04,大業路529號(對面),20,1
835,YouBike2.0_稻香重三路口,15,1,北投區,2023-05-27 15:45:16,稻香重三路口(對面路側),11,1
836,YouBike2.0_國防大學政治作戰學院,30,3,北投區,2023-05-27 15:48:15,中央北路二段167號(對面),25,1
855,YouBike2.0_振興公園,13,3,北投區,2023-05-27 15:45:16,天母西路109號(對面),9,1
859,YouBike2.0_榮富公園,13,2,北投區,2023-05-27 15:27:14,榮華三路2號(旁),11,1
865,YouBike2.0_復興公園,14,0,北投區,2023-05-27 14:57:04,中和街61號對側,14,1
871,YouBike2.0_中和街455巷11弄,13,2,北投區,2023-05-27 15:22:14,中和街455巷11弄6-8號(前),10,1
873,YouBike2.0_文化三杏林一路口,17,3,北投區,2023-05-27 15:45:16,杏林一路3號(旁),14,1
874,YouBike2.0_珠海復興一路口,15,2,北投區,2023-05-27 15:42:04,珠海路/復興一路口(東側),13,1
875,YouBike2.0_裕民二路33巷,15,3,北投區,2023-05-27 15:45:16,裕民二路33巷/裕民六路(西北側),12,1
876,YouBike2.0_新奇岩社會住宅,12,2,北投區,2023-05-27 15:40:22,磺港路269-271號(旁),10,1
882,YouBike2.0_中庸公園,12,2,北投區,2023-05-27 15:05:16,珠海路1號旁,8,1
886,YouBike2.0_致遠新村,15,3,北投區,2023-05-27 15:25:16,秀山路26號(懷遠新村社區入口南側),12,1
888,YouBike2.0_中和街493巷9弄口,16,1,北投區,2023-05-27 13:52:04,中和街493巷9弄2號對側,15,1
893,YouBike2.0_捷運忠義站(2號出口),20,0,北投區,2023-05-27 15:43:04,捷運忠義站(2號出口)無障礙坡道旁,20,1
901,YouBike2.0_鵬程公園,24,2,松山區,2023-05-27 15:30:44,健康路399號北側,22,1
905,YouBike2.0_光復北路11巷口,23,3,松山區,2023-05-27 15:42:14,光復北路13號(旁),20,1
907,YouBike2.0_西松高中,14,1,松山區,2023-05-27 15:48:04,健康路325巷5弄5號(前),12,1
908,YouBike2.0_民權復興路口,27,0,松山區,2023-05-27 15:47:14,民權東路三段119號(前),27,1
909,YouBike2.0_民福三號綠地,15,0,松山區,2023-05-27 15:47:14,民族東路712號(對面),15,1
910,YouBike2.0_民有一號公園,37,0,松山區,2023-05-27 15:21:05,敦化北路244巷43號(對面),37,1
917,YouBike2.0_民生國小(敦化北路199巷),20,0,松山區,2023-05-27 15:47:04,敦化北路199巷15號(旁),19,1
923,YouBike2.0_八德路三段74巷口,17,3,松山區,2023-05-27 15:46:15,八德路三段74巷95號南側,14,1
924,YouBike2.0_八德路三段8巷口,15,1,松山區,2023-05-27 15:07:14,市民大道四段123號,14,1
925,YouBike2.0_三軍總醫院(松山分院),44,2,松山區,2023-05-27 15:37:14,光復北路/光復北路190巷口(東南側),41,1
926,YouBike2.0_平安新城,16,1,松山區,2023-05-27 15:46:15,延壽街356巷/延壽街330巷16弄(東北側),15,1
927,YouBike2.0_健康社會住宅,20,1,松山區,2023-05-27 15:48:15,健康路305號(前),17,1
929,YouBike2.0_市民東興路口,25,1,松山區,2023-05-27 15:48:04,東興路33號南側,23,1
930,YouBike2.0_光復南路22巷口,29,1,松山區,2023-05-27 15:48:04,光復南路19號西側,27,1
931,YouBike2.0_光復南路58巷,12,1,松山區,2023-05-27 15:45:16,光復南路58巷11號東側,8,1
932,YouBike2.0_松山新城,14,3,松山區,2023-05-27 15:45:16,健康路78號(對面),11,1
933,YouBike2.0_內政部營建署,33,3,松山區,2023-05-27 15:44:14,八德路二段342號(前),30,1
935,YouBike2.0_民生立體停車場,20,1,松山區,2023-05-27 15:47:14,民生東路五段84號前,18,1
936,YouBike2.0_健康新城,35,2,松山區,2023-05-27 15:47:14,健康路179號前,30,1
938,YouBike2.0_復盛公園,20,1,松山區,2023-05-27 15:34:04,八德路四段106巷/八德路四段106巷6弄口(東側),18,1
940,YouBike2.0_捷運南京復興站(7號出口),15,3,松山區,2023-05-27 15:46:15,慶城街1號(東南側),12,1
947,YouBike2.0_捷運松山站(2號出口),14,2,松山區,2023-05-27 15:41:16,八德路四段685號前,12,1
949,YouBike2.0_南京東路五段59巷口,11,0,松山區,2023-05-27 15:30:32,南京東路五段57號(前),11,1
950,YouBike2.0_三民公園(塔悠路),20,1,松山區,2023-05-27 15:32:14,塔悠路/撫遠街261巷(西側),19,1
952,YouBike2.0_西松公園,11,1,松山區,2023-05-27 15:47:14,健康路/南京東路五段251巷50弄(西側),9,1
954,YouBike2.0_復源公園,14,1,松山區,2023-05-27 15:43:04,八德路三段106巷62號(對面),11,1
957,YouBike2.0_西松高中(健康路325巷),31,0,松山區,2023-05-27 15:47:04,健康路325巷 / 健康路325巷12弄口(東北側),31,1
962,YouBike2.0_敦化八德路口,20,1,松山區,2023-05-27 15:42:14,敦化南路一段/八德路二段(西南側),19,1
963,YouBike2.0_新東街51巷口,23,2,松山區,2023-05-27 15:48:15,三民路 / 新東街51巷口(東側),21,1
964,YouBike2.0_八德立體停車場,16,2,松山區,2023-05-27 15:46:15,八德路/松信路(西南側),14,1
965,YouBike2.0_長春慶城街口,16,3,松山區,2023-05-27 15:45:16,長春路431號前,13,1
967,YouBike2.0_捷運松山站(1號出口),15,0,松山區,2023-05-27 15:48:15,八德路四段711號前,13,1
969,YouBike2.0_捷運小巨蛋站(5號出口)_1,20,1,松山區,2023-05-27 15:47:14,南京東路四段/健康路(西北側),17,1
970,YouBike2.0_敦化北路155巷口,30,1,松山區,2023-05-27 15:28:04,敦化北路151號前分隔島,29,1
971,YouBike2.0_民生復興路口,17,2,松山區,2023-05-27 15:46:15,民生東路三段/復興北路(東南側),15,1
972,YouBike2.0_市民延吉街口,30,2,松山區,2023-05-27 15:40:22,市民大道/延吉街(市民大道橋下空地),26,1
976,YouBike2.0_五常街370巷,11,3,松山區,2023-05-27 15:34:14,五常街370巷8號,8,1
980,YouBike2.0_忠孝東路六段225巷口,35,2,南港區,2023-05-27 15:43:16,忠孝東路六段219號,33,1
983,YouBike2.0_合心廣場,38,0,南港區,2023-05-27 15:48:15,忠孝東路六段17號東北側,38,1
984,YouBike2.0_成德國中,26,2,南港區,2023-05-27 15:42:14,東新街118巷15號南側,23,1
985,YouBike2.0_玉成公園,26,3,南港區,2023-05-27 15:48:15,玉成街247號對側,23,1
988,YouBike2.0_國家生技園區,30,0,南港區,2023-05-27 15:48:15,研究院路一段130巷99號(國家生技園區),29,1
990,YouBike2.0_中研公園,40,2,南港區,2023-05-27 15:41:16,研究院路二段12巷58弄9號西側,38,1
991,YouBike2.0_福山公園,20,3,南港區,2023-05-27 15:36:15,福山街44巷27號東南側,17,1
993,YouBike2.0_凌雲市場,20,1,南港區,2023-05-27 15:46:04,研究院路三段68巷9號北側,19,1
995,YouBike2.0_捷運南港軟體園區(2號出口),34,3,南港區,2023-05-27 15:42:14,經貿二路183號(2號出口),31,1
997,YouBike2.0_興中立體停車場(興中路),26,0,南港區,2023-05-27 15:48:15,興中路44巷1號東側,26,1
1000,YouBike2.0_向陽南港路口,21,1,南港區,2023-05-27 15:34:14,向陽路49號北側,19,1
1004,YouBike2.0_東新國小,22,3,南港區,2023-05-27 15:44:15,東明街68號北側,18,1
1005,YouBike2.0_中華科技大學,20,2,南港區,2023-05-27 15:10:22,研究院路三段246號東側,18,1
1006,YouBike2.0_六福公園,19,2,南港區,2023-05-27 15:30:44,研究院路二段35巷23弄25號北側,17,1
1007,YouBike2.0_南港加壓站,24,1,南港區,2023-05-27 15:48:15,研究院路二段3巷1號西側,23,1
1014,YouBike2.0_世貿公園,35,1,南港區,2023-05-27 15:47:14,經貿二路188-1號,33,1
1015,YouBike2.0_凌雲五村(研究院路三段8巷),26,0,南港區,2023-05-27 15:23:04,研究院路三段10巷1號東側,26,1
1016,YouBike2.0_新新公園(昆陽街60巷),20,0,南港區,2023-05-27 15:03:04,南港路三段47巷8號南側,20,1
1017,YouBike2.0_南港高中(昆陽街),14,2,南港區,2023-05-27 15:43:16,昆陽街58號東側,11,1
1018,YouBike2.0_南港路三段290巷口,20,2,南港區,2023-05-27 15:45:16,南港路三段314巷20號,18,1
1019,YouBike2.0_南港路三段220巷口,25,2,南港區,2023-05-27 15:48:15,南港路三段133號,22,1
1022,YouBike2.0_捷運後山埤站(3號出口),12,0,南港區,2023-05-15 07:23:15,玉成街150號,12,0
1023,YouBike2.0_玉成公園運動中心,15,0,南港區,2023-05-27 15:37:04,中坡南路19號,15,1
1024,YouBike2.0_百福公園,18,1,南港區,2023-05-27 15:31:15,福德街309巷7號南側,16,1
1026,YouBike2.0_園區重陽路口,13,0,南港區,2023-05-27 15:42:04,重陽路458號西側,13,1
1028,YouBike2.0_胡適公園,20,1,南港區,2023-05-27 14:23:15,研究院路二段/研究院路二段132巷北側,19,1
1030,YouBike2.0_經貿公園,20,2,南港區,2023-05-27 15:21:17,經園街58號北側,18,1
1031,YouBike2.0_育成高中,20,1,南港區,2023-05-27 15:17:32,惠民街71號西側,19,1
1033,YouBike2.0_力行橋(南港),18,1,南港區,2023-05-27 15:21:17,研究院路一段101巷16弄2號南側,17,1
1034,YouBike2.0_舊莊國小(舊莊街一段),15,0,南港區,2023-05-27 14:14:04,舊莊街一段/舊莊街一段145巷口,15,1
1042,YouBike2.0_昆陽公園,14,0,南港區,2023-05-27 14:46:04,昆陽街173號對側,14,1
1043,YouBike2.0_南港路二段178巷口,18,1,南港區,2023-05-27 15:38:15,南港路二段 / 南港路二段178巷口(北側),16,1
1046,YouBike2.0_玉成公園(成福路178巷口),18,1,南港區,2023-05-27 15:39:15,成福路178巷8號對側,15,1
1047,YouBike2.0_玉東公園(東新街),14,3,南港區,2023-05-27 15:38:15,東新街/市民大道七段(北側),11,1
1049,YouBike2.0_成福路197巷口,15,0,南港區,2023-05-27 15:01:04,成福路197巷/成福路,15,1
1052,YouBike2.0_南港展覽館2館,18,0,南港區,2023-05-27 14:17:24,經貿二路/南港路一段(西北側),18,1
1053,YouBike2.0_舊莊派出所,15,2,南港區,2023-05-27 15:40:22,舊莊街一段/舊莊街一段215巷,13,1
1054,YouBike2.0_南港路三段80巷,15,3,南港區,2023-05-27 14:52:16,南港路三段/南港路三段80巷,12,1
1056,YouBike2.0_忠孝東路六段278巷口,14,0,南港區,2023-05-27 15:37:04,忠孝東路/忠孝東路六段278巷,14,1
1058,YouBike2.0_南港路三段130巷口,12,3,南港區,2023-05-27 15:39:15,松河街380號對側,9,1
1061,YouBike2.0_新富公園,13,2,南港區,2023-05-27 15:10:22,富康街47巷2號對側,11,1
1065,YouBike2.0_基隆路二段159巷口,14,3,信義區,2023-05-27 15:46:15,基隆路二段155號,8,1
1066,YouBike2.0_嘉興街175巷口,16,2,信義區,2023-05-27 15:45:16,基隆路二段131-4號(前),13,1
1071,YouBike2.0_三興公園,31,2,信義區,2023-05-27 15:42:14,吳興街118巷35弄28號前方(三興公園),29,1
1075,YouBike2.0_松仁路253巷3弄,26,2,信義區,2023-05-27 15:48:15,松仁路215巷6號,23,1
1079,YouBike2.0_中全公園,17,3,信義區,2023-05-27 15:42:14,虎林街164巷54號北側,14,1
1080,YouBike2.0_台北市災害應變中心,45,3,信義區,2023-05-27 15:43:16,莊敬路391巷11弄2號(東北側),41,1
1083,YouBike2.0_景新公園,17,2,信義區,2023-05-27 15:47:14,莊敬路239巷12號(對面),15,1
1084,YouBike2.0_光復信義路口東南側,16,2,信義區,2023-05-27 15:46:15,光復南路485號前方,13,1
1085,YouBike2.0_三張犁,40,0,信義區,2023-05-27 15:39:04,光復南路455號前方,36,1
1086,YouBike2.0_仁愛路四段496巷口,34,1,信義區,2023-05-27 15:44:15,仁愛路四段與仁愛路四段496巷口西南側,32,1
1088,YouBike2.0_松友公園,27,3,信義區,2023-05-27 15:48:15,信義路六段76巷2弄22號(對面),23,1
1096,YouBike2.0_市民廣場,30,2,信義區,2023-05-27 15:41:16,市府路/松壽路(西北側),28,1
1099,YouBike2.0_春光公園,30,2,信義區,2023-05-27 15:44:15,林口街230號(斜對面),27,1
1102,YouBike2.0_福德公園,35,3,信義區,2023-05-27 15:48:15,大道路與大道路145巷口,31,1
1105,YouBike2.0_福祥公園,19,2,信義區,2023-05-27 15:45:16,松隆路99號西南側,17,1
1107,YouBike2.0_泰和公園,34,0,信義區,2023-05-27 15:44:04,吳興街600巷81號西側,33,1
1108,YouBike2.0_興雅國小(基隆路一段37巷),15,3,信義區,2023-05-27 15:22:14,基隆路一段83巷9號西側,10,1
1109,YouBike2.0_雅祥公園(松信路50巷口),12,2,信義區,2023-05-27 15:33:15,松信路61號西側,10,1
1111,YouBike2.0_五常公園,19,2,信義區,2023-05-27 15:48:15,松隆路161號對側,15,1
1114,YouBike2.0_市民松信路口,20,0,信義區,2023-05-27 15:40:11,市民大道六段/松信路口(西側),18,1
1116,YouBike2.0_基隆光復路口,17,1,信義區,2023-05-27 15:42:04,基隆路二段/光復南路(東北側),16,1
1118,YouBike2.0_泰和里民活動中心,18,3,信義區,2023-05-27 15:44:15,松仁路308巷60號,14,1
1119,YouBike2.0_捷運後山埤站(2號出口),22,3,信義區,2023-05-27 15:47:14,忠孝東路五段800號,19,1
1120,YouBike2.0_虎林永吉路口,15,2,信義區,2023-05-27 15:43:16,永吉路356號東側,12,1
1122,YouBike2.0_永吉路321巷口,15,1,信義區,2023-05-27 15:41:04,永吉路323號西側,14,1
1123,YouBike2.0_松山永吉路口,20,1,信義區,2023-05-27 15:41:16,松山路166號,19,1
1128,YouBike2.0_松德虎林街口,25,0,信義區,2023-05-27 15:44:04,松德路79號前,23,1
1131,YouBike2.0_捷運永春站(2號出口),28,3,信義區,2023-05-27 15:46:15,虎林街132巷44號西側,25,1
1132,YouBike2.0_吳興街260巷,32,3,信義區,2023-05-27 15:47:14,吳興街260巷/吳興街260巷21弄口(東南側),29,1
1135,YouBike2.0_安強公園,20,3,信義區,2023-05-27 15:48:15,虎林街222巷55號,16,1
1136,YouBike2.0_信義基隆路口,20,1,信義區,2023-05-27 15:48:15,信義路四段393號前,18,1
1140,YouBike2.0_福德國小公車站,10,0,信義區,2023-05-27 15:48:04,福德街308號對側,10,1
1143,YouBike2.0_景聯廣場,13,3,信義區,2023-05-27 15:48:15,松勤街8號對側,9,1
1144,YouBike2.0_景平公園,13,3,信義區,2023-05-27 15:09:15,松平路50巷15號對側,10,1
1146,YouBike2.0_五分埔公園,18,3,信義區,2023-05-27 15:40:22,中坡北路57號旁,15,1
1147,YouBike2.0_松仁路305號,14,1,信義區,2023-05-27 15:47:14,松仁路/吳興街583巷3弄,13,1
1151,YouBike2.0_松仁松平路口,10,2,信義區,2023-05-27 15:15:15,松仁路/松平路,8,1
1154,YouBike2.0_吳興街284巷(廣安宮),15,2,信義區,2023-05-27 15:48:15,吳興街284巷23號對側,12,1
1156,YouBike2.0_克勤新村,18,2,信義區,2023-05-27 15:48:15,信安街67巷75號對側,15,1
1157,YouBike2.0_和平東路三段291號,15,0,信義區,2023-05-27 15:47:04,和平東路三段291號前,15,1
1165,YouBike2.0_國興青年路口,30,1,萬華區,2023-05-27 15:42:14,國興路與青年路口西南側,29,1
1167,YouBike2.0_青年公園籃球場,16,1,萬華區,2023-05-27 15:44:15,青年公園籃球場南側,13,1
1169,YouBike2.0_新和國小,20,3,萬華區,2023-05-27 15:45:16,萬大路277巷37弄1號東側,15,1
1171,YouBike2.0_莒光立體停車場,10,1,萬華區,2023-05-27 15:30:45,莒光路137號前,9,1
1174,YouBike2.0_華中疏散門,12,0,萬華區,2023-05-27 15:23:04,環河南路三段371號前,11,1
1182,YouBike2.0_華江八號公園,20,3,萬華區,2023-05-27 15:42:14,環河南路二段216號旁,16,1
1185,YouBike2.0_糖廍文化園區,14,3,萬華區,2023-05-27 15:27:14,大理街177號對側,10,1
1191,YouBike2.0_貓公園(中興橋頭),15,0,萬華區,2023-05-27 15:25:05,成都路108號(對面),14,1
1208,YouBike2.0_長順街60巷口,15,3,萬華區,2023-05-27 14:50:22,長順街60巷38號對側,12,1
1212,YouBike2.0_綠堤社區公園,22,2,萬華區,2023-05-27 15:39:15,大理街170巷與環河南路二段159巷口,20,1
1216,YouBike2.0_龍山國中,15,0,萬華區,2023-05-27 15:40:11,南寧路與廣州街口南側,15,1
1217,YouBike2.0_洛陽停車場,22,0,萬華區,2023-05-27 15:35:05,昆明街與洛陽街口西側,20,1
1218,YouBike2.0_桂林昆明街口,20,0,萬華區,2023-05-27 15:47:14,桂林路與昆明街口西北側,20,1
1220,YouBike2.0_青年公園3號出口,38,3,萬華區,2023-05-27 15:46:15,青年路/青年路106巷(東側),32,1
1224,YouBike2.0_萬大路493巷,10,3,萬華區,2023-05-27 15:24:14,萬大路493巷44號旁,6,1
1227,YouBike2.0_臺大水源舍區A棟,37,2,臺大專區,2023-05-27 15:43:16,汀洲路三段60巷2弄路側(A舍北側),32,1
1228,YouBike2.0_臺大卓越研究大樓,32,2,臺大專區,2023-05-27 15:42:14,臺大水源舍區C南側,27,1
1230,YouBike2.0_臺大檔案展示館,10,2,臺大專區,2023-05-27 13:57:15,臺大檔案展示館東北側,7,1
1232,YouBike2.0_臺大男八舍東側,42,1,臺大專區,2023-05-27 15:44:04,臺大男八舍東側,41,1
1233,YouBike2.0_臺大禮賢樓東南側,23,2,臺大專區,2023-05-27 15:48:15,臺大仰萃樓東南側,21,1
1237,YouBike2.0_臺大大一女舍北側,53,1,臺大專區,2023-05-27 15:48:15,臺大女一舍北側,52,1
1240,YouBike2.0_臺大立體機車停車場,27,2,臺大專區,2023-05-27 15:35:15,基隆路三段/基隆路三段156巷口北側,25,1
1244,YouBike2.0_臺大樂學館東側,28,1,臺大專區,2023-05-27 15:48:15,臺大文學院西側,27,1
1245,YouBike2.0_臺大農化新館西側,10,2,臺大專區,2023-05-27 15:36:04,臺大生化科技學系西側,7,1
1246,YouBike2.0_臺大五號館西側,20,2,臺大專區,2023-05-27 15:29:14,臺大生物系館西側,17,1
1251,YouBike2.0_臺大公館停車場西北側,12,1,臺大專區,2023-05-27 13:34:04,臺大公館停車場西北側,11,1
1252,YouBike2.0_臺大第二行政大樓南側,27,0,臺大專區,2023-05-27 15:19:04,臺大行政大樓西側,27,1
1254,YouBike2.0_臺大二號館,10,1,臺大專區,2023-05-27 15:32:14,臺大物理文物廳北側,9,1
1259,YouBike2.0_臺大椰林小舖,48,1,臺大專區,2023-05-27 15:48:04,臺大椰林小舖旁,46,1
1268,YouBike2.0_臺大小小福西南側,10,0,臺大專區,2023-05-27 13:55:12,臺大進修教育大樓,10,1
1270,YouBike2.0_臺大四號館東北側,10,0,臺大專區,2023-05-27 15:48:04,臺大園藝暨景觀學系北側,10,1
1273,YouBike2.0_臺大電機二館東南側,14,1,臺大專區,2023-05-27 15:44:15,臺大電機二館南側,13,1
